date,temperature
0.0,125.90426537723873
5.039220311318737e-07,125.90426537723873
1.9381616581995143e-06,125.90426537723873
3.876323316399029e-06,115.70123450120212
4.554679896768858e-06,125.58280882789894
5.814484974598543e-06,118.81882726888021
7.752646632798057e-06,111.73338916052097
9.690808290997572e-06,118.51076474242957
1.1628969949197086e-05,125.58280882789894
1.3567131607396599e-05,111.11726410762046
1.5505293265596115e-05,96.82316288032303
1.6086741763055968e-05,71.1923606796511
1.7443454923795627e-05,89.28333254544972
1.7734179172525554e-05,85.00151186531097
1.7927995338345506e-05,98.59601303254027
1.8024903421255484e-05,66.75626029876562
1.8218719587075433e-05,111.24473825649612
0.351330563781826,103.26166968313575
0.35133250194348414,94.59061562981148
0.3513329864838987,89.9449668352122
0.35133444010514236,164.61141575947508
0.35133637826680053,142.80369539965972
0.35133831642845875,142.80369539965972
0.3513402545901169,141.0273348575298
0.35134219275177514,149.5157674045326
0.3513428711083555,105.14559051796698
0.35134413091343336,155.47826791647526
0.3513443247295992,122.63406317338078
0.35134461545384793,118.51076474242957
0.3513450030861795,150.45068748480503
0.3513460690750916,151.7815175990707
0.35134800723674975,140.96510000370148
0.35134893755434565,151.48577757367835
0.35134994539840797,140.691266646857
0.35135188356006614,130.0275638081899
0.35135382172172436,129.74888570733947
0.3513557598833825,122.50325508522651
3.864655602598284,114.93326443526414
3.864674984214866,124.42556525027689
3.8646943658314483,114.69849097760613
3.8647137474480298,112.59596423458227
3.8647331290646116,140.96510000370148
3.864752510681194,140.691266646857
3.864771892297776,137.13669903396823
3.864791273914358,129.88538110367412
3.86481065553094,125.90426537723873
3.864830037147522,125.2881403243382
3.8648494187641043,115.25762446311354
3.8648688003806857,115.25762446311354
0.3513112015468605,112.00448418379756
0.3513305831634425,115.12207695147565
0.3513499647800245,129.6010156946433
0.35136934639660655,118.51076474242957
0.35138872801318854,125.90426537723873
0.35140810962977054,121.7034127438246
0.35142749124635253,121.89945253338354
0.3514468728629345,101.68417709079515
0.3514662544795165,100.40943560203455
0.35148563609609845,97.52276294039042
3.86461683936512,95.63712215348882
3.864636220981702,109.44776396427648
3.8646556219799004,112.19051419977032
3.8646750035964823,116.12576453765239
3.8646943852130646,134.8274557985598
3.8647137668296465,131.51312792778378
3.864733148446229,140.96510000370148
3.8647525300628107,155.20443455963078
3.864771911679392,144.38801696426157
3.8647912932959745,147.8004018726353
3.8648106749125564,140.691266646857
3.8648300565291387,129.74888570733947
3.8648494381457206,129.74888570733947
3.8648688197623025,133.29776601204787
0.35131122092847716,133.29776601204787
0.3513306025450591,129.6010156946433
0.3513499841616411,125.90426537723873
0.3513693657782231,125.90426537723873
0.3513887473948051,125.90426537723873
0.35140812901138707,133.63383422272068
0.35142751062796906,137.498618645462
0.35144689224455106,122.50325508522651
0.3514662738611331,102.44902198405148
0.3514856554777151,108.31283283234791
3.8646168587467367,106.06503867383444
3.864636240363319,144.24583425974578
3.864655641361517,144.24583425974578
3.8646750229780995,154.9501607282744
3.864694404594681,173.3932886854357
3.864713786211263,166.14197075514235
3.864733167827845,185.0522704557118
3.864752549444427,185.0522704557118
3.8647719310610094,185.0522704557118
3.8647913126775912,158.7314081957913
3.864810694294173,144.24014695156538
3.8648300759107554,129.74888570733947
3.864849457527337,119.1022447932143
3.864868839143919,119.1022447932143
0.3513112403100937,118.51076474242957
0.3513306219266757,112.00448418379756
0.3513500035432577,118.51076474242957
0.35136938515983973,104.90672357438078
0.3513887667764217,104.90672357438078
0.3514081483930037,104.90672357438078
0.35142753000958565,111.11726410762046
0.35144691162616765,113.36745995299746
0.35146629324274964,103.72376347281131
0.35148567485933163,85.24001188578848
3.864616878128353,99.51711655990253
3.8646362597449353,122.20751505983415
3.8646556607431335,123.36274953402308
3.864675042359716,153.43868153445908
3.8646944239762977,156.40245549582642
3.86471380559288,200.0
3.864733187209462,168.78656905913172
3.8647525688260433,168.78656905913172
3.8647719504426257,168.78656905913172
3.8647913320592076,170.26526918609355
3.86481071367579,156.44263756449385
3.8648300952923718,152.26370242307965
3.8648494769089536,137.1552446041223
3.864868858525536,129.6010156946433
0.3513112596917103,118.81882726888021
0.3513306413082923,118.81882726888021
0.3513500229248743,122.20751505983415
0.35136940454145627,125.58280882789894
0.35138878615803826,138.05073070585343
0.35140816777462025,142.0995524820588
0.35142754939120224,112.82345656180695
0.3514469310077843,90.24851231582039
0.3514663126243663,110.72118371647018
0.3514856942409483,96.67683318025885
3.86461689750997,107.539763800455
3.8646362791265516,136.15976625778006
3.8646556801247507,158.31244315981854
3.864675061741332,154.28576781408702
3.864694443357914,169.52591912261263
3.8647138249744963,153.01376770487246
3.864733206591078,163.83018530024094
3.8647525882076605,180.46830006213014
3.8647719698242424,161.68880844971494
3.8647913514408243,157.40057808152565
3.8648107330574066,132.70628596126315
3.864830114673988,136.07032875010128
3.8648494962905704,157.23862521047715
3.8648688779071523,162.50209351954393
0.3513112790733268,162.50209351954393
0.3513306606899088,157.696318106918
0.35135004230649086,152.89054269429204
0.35136942392307285,155.28370211029596
0.35138880553965485,147.30650405694965
0.35140818715623684,167.80076897449072
0.35142756877281883,129.4402874199734
0.3514469503894008,98.57471838785473
0.3514663320059828,91.40126241479584
0.3514857136225648,92.27576248988099
3.8646169168915865,113.86001434311429
3.8646362985081684,136.15976625778006
3.864655699506367,139.14101651375213
3.864675081122949,154.4924678318343
3.864694462739531,156.9569680434371
3.864713844356113,159.81238897825978
3.8647332259726945,166.15776883342147
3.864752607589277,185.200140468408
3.8647719892058587,147.16057970231498
3.864791370822441,148.08476728166613
3.864810752439023,148.08476728166613
3.864830134055605,156.822540759168
3.864849515672187,161.81555417488343
3.864868897288769,163.79595613063555
0.35131129845494347,159.17501823387983
0.35133068007152546,159.17501823387983
0.35135006168810745,154.5540803371241
0.35136944330468944,159.17501823387983
0.3513888249212714,145.97233852886342
0.3514082065378534,109.55325435794902
0.3514275881544354,96.09176281752468
0.3514469697710174,98.47676302230188
0.3514663513875994,87.03557632567039
0.3514857330041814,80.10563644494913
3.864616936273203,114.69849097760613
3.8646363178897847,143.00173559523483
3.8646557188879833,151.7815175990707
3.864675100504565,154.4924678318343
3.8646944821211475,159.81238897825978
3.8647138637377294,170.53910254293802
3.8647332453543117,164.35046867824622
3.8647526269708936,170.26526918609355
3.8647720085874755,169.73716199789266
3.864791390204058,157.23862521047715
3.8648107718206393,162.50209351954393
3.8648301534372216,154.5540803371241
3.8648495350538035,157.696318106918
3.8648689166703853,155.28370211029596
0.35131131783656,155.28370211029596
0.351330699453142,151.97608340525
0.35135008106972404,146.6060671547043
0.35136946268630603,134.00190892964878
0.351388844302888,138.05073070585343
0.35140822591947,108.75134390448153
0.351427607536052,88.69031218203298
0.351446989152634,96.82316288032303
0.351466370769216,93.09560631027318
0.35148575238579793,85.24001188578848
3.8646169556548196,106.70501372878266
3.864636337271402,136.15976625778006
3.8646557382696,151.7815175990707
3.8646751198861824,154.4924678318343
3.8646945015027643,163.24144358302487
3.8647138831193457,174.92043625245464
3.864733264735928,176.23694277574702
3.86475264635251,171.829278935765
3.8647720279690922,164.86232641450246
3.864791409585674,153.77207546228874
3.864810791202256,129.6010156946433
3.8648301728188383,129.6010156946433
3.8648495544354198,140.691266646857
3.8648689360520017,144.89211928027115
0.35131133721817664,137.33058454012524
0.3513307188347586,134.00190892964878
0.3513501004513406,134.00190892964878
0.35136948206792257,138.05073070585343
0.35138886368450456,137.498618645462
0.35140824530108655,103.44993011596681
0.3514276269176686,94.11221264755943
0.3514470085342506,95.59091277452126
0.3514663901508326,87.59248936050034
0.3514857717674146,82.28261163186482
3.864616975036436,89.13658654467417
3.864636356653018,104.75063856097934
3.8646557576512164,147.41263086031978
3.8646751392677987,156.1937679779085
3.8646945208843806,165.7337687970166
3.864713902500963,172.0499072703576
3.864733284117545,161.34207876477245
3.8647526657341267,179.30176996197122
3.8647720473507086,176.23694277574702
3.8647914289672904,162.87176855128442
3.8648108105838728,144.24014695156538
3.8648301922004547,140.691266646857
3.8648495738170365,133.29776601204787
3.864868955433619,137.1552446041223
0.3513113565997932,129.6010156946433
0.3513307382163752,118.81882726888021
0.3513501198329572,129.6010156946433
0.3513695014495392,118.51076474242957
0.3513888830661212,125.2881403243382
0.35140826468270314,121.63878424177173
0.35142764629928513,127.89482324045677
0.3514470279158671,124.53509859301468
0.3514664095324491,115.70633346715704
0.3514857911490311,112.19051419977032
3.864616994418053,100.13903589229768
3.8646363760346345,114.69849097760613
38.99786720814808,135.5158162024906
38.998061024313905,126.50051542843283
38.998254840479724,124.05589021853643
38.99844865664554,112.0414516869716
38.99864247281136,144.38801696426157
38.99883628897719,133.84543272573762
38.99903010514301,130.0275638081899
38.999223921308825,150.92842137197746
38.999417737474644,133.29776601204787
38.99961155364046,126.20000540263108
38.99980536980628,125.90426537723873
38.9999991859721,118.51076474242957
3.8644231976338492,122.04678678516427
3.8646170137996694,122.04678678516427
3.8648108299654895,129.6010156946433
3.8650046461313092,125.58280882789894
3.865198462297129,129.11883087063433
3.8653922784629486,127.99373294794584
3.865586094628769,116.04626453082679
3.865779910794589,100.40943560203455
3.865973726960409,89.28333254544972
3.866167543126229,107.66696381137594
38.99747957581644,111.73338916052097
38.99767339198226,122.20751505983415
38.9978672275297,120.18026488577357
38.99806104369552,123.28076515198403
38.99825485986134,132.6046253275345
38.99844867602716,122.80376511102827
38.99864249219298,124.91846529259774
38.9988363083588,143.4638293849104
38.999030124524616,140.12253582879458
38.99922394069044,133.29776601204787
38.99941775685626,126.20000540263108
38.99961157302208,129.6010156946433
38.9998053891879,118.51076474242957
38.999999205353724,111.11726410762046
3.864423217015466,96.33026283800217
3.8646170331812857,88.93676220319304
3.864810849347106,96.33026283800217
3.865004665512926,106.93832896620694
3.8651984816787457,97.61608903536059
3.865392297844566,95.20516491531366
3.8655861140103855,107.25247968487912
3.8657799301762052,88.79457949867727
3.8659737463420254,79.37620103749128
3.8661675625078455,71.40701069808094
38.99747959519806,83.55967083242295
38.997673411363884,101.98411626462062
38.99786724691131,112.70158567222231
38.99806106307714,108.24201386075015
38.99825487924296,106.52130425355007
38.998448695408776,132.6046253275345
38.998642511574594,144.38801696426157
38.99883632774042,140.691266646857
38.99903014390624,130.52520327399444
38.99922396007206,123.57668184405819
38.99941777623788,123.0606112869274
38.999611592403696,119.1022447932143
38.999805408569514,104.90672357438078
38.99999922473533,101.80145330776092
3.8644232363970823,87.90167211431975
3.8646170525629024,86.1641994651396
3.864810868728722,88.93676220319304
3.8650046848945423,84.16179304321238
3.8651985010603624,102.18345084055966
3.865392317226182,123.01115643318286
3.8655861333920023,113.88982684567388
3.8657799495578224,104.90672357438078
3.8659737657236417,90.85359570110681
3.866167581889462,72.17816076429209
38.997479614579674,106.27324645033174
38.99767343074549,107.30499034279698
38.997867266292936,125.23212895589238
38.998061082458754,127.40607019368433
38.99825489862457,125.23212895589238
38.99844871479039,133.41328945946674
38.99864253095621,123.28076515198403
38.99883634712203,124.1879170155863
38.99903016328785,133.5821314210787
38.999223979453674,110.15884735866392
38.99941779561949,118.51076474242957
38.99961161178531,97.808962964964
38.99980542795113,100.64313820830726
38.99999924411696,94.85156271104036
3.8644232557786986,93.4036688367238
3.8646170719445188,114.49255787568525
3.864810888110339,96.33026283800217
3.8650047042761586,113.36745995299746
3.8651985204419788,119.79659093978799
3.865392336607799,108.0366388431164
3.865586152773619,120.7609605878066
3.8657799689394388,99.5834031173182
3.865973785105259,79.75862348411982
3.866167601271079,59.94037690105096
38.99747963396129,75.93851108715786
38.99767345012712,103.96226349328882
38.997867285674545,125.65781535607867
38.99806110184037,117.07976461956311
38.99825491800619,131.81906588508605
38.99844873417201,128.3687655888415
38.99864255033783,143.70343357214955
38.99883636650365,151.48577757367835
38.99903018266947,140.39552662146463
38.99922399883529,136.5509062913639
38.99941781500111,112.3002242091899
38.99961163116693,108.34470136956702
38.99980544733275,103.01962055521042
38.999999263498566,90.96997487776554
3.864423275160316,83.02196169534572
3.864617091326136,72.30138577487249
3.864810907491955,69.52882303681906
3.8650047236577754,67.53452352348211
3.8651985398235955,67.53452352348211
3.865392355989415,79.48951139204787
3.8655861721552354,64.34533617871946
3.8657799883210555,42.72738323563594
3.865973804486875,42.111258182735426
3.8661676206526954,36.46675769809585
38.99747965334291,63.298010001838556
38.997673469508726,97.52276294039042
38.99786730505617,126.50051542843283
38.99806112122199,135.26936618133055
38.998254937387806,131.81906588508605
38.998448753553625,140.691266646857
38.99864256971945,133.29776601204787
38.99883638588527,157.40057808152565
38.99903020205109,150.45068748480503
38.99922401821691,147.16057970231498
38.999417834382726,125.90426537723873
38.999611650548545,111.11726410762046
38.99980546671436,87.25642114982752
38.99999928288019,82.5994759447849
3.864423294541932,88.93676220319304
3.8646171107077523,85.9793619492694
3.8648109268735724,77.84651125097935
3.865004743039392,75.07394851292591
3.865198559205212,77.84651125097935
3.865392375371032,66.75626029876562
3.8655861915368517,49.40997034786761
3.865780007702672,37.65925780048483
3.865973823868492,48.86875876293692
3.8661676400343117,30.0
38.99747967272453,46.21875853540676
38.99767348889035,89.28333254544972
38.997867324437784,118.04867095275401
38.9980611406036,132.1887409168265
38.99825495676942,141.67706673149797
38.99844877293524,153.43868153445908
38.99864258910106,150.41235081484666
38.998836405266886,164.35046867824622
38.999030221432704,185.0522704557118
38.99922403759852,169.73716199789266
38.99941785376434,149.49305311686794
38.99961166993017,138.6580539722845
38.99980548609599,130.71004078986465
38.999999302261806,111.11726410762046
3.864423313923549,99.44331573686883
3.8646171300893686,99.44331573686883
3.8648109462551887,102.94550024809483
3.865004762421009,98.91798806018538
3.8651985785868286,95.27404846160118
3.8653923947526487,106.3642994138149
3.8655862109184684,74.0018909208786
3.865780027084288,70.57623562675059
3.8659738432501083,77.60006122981929
3.8661676594159284,74.38080782841254
38.99747969210615,79.07876135678111
38.997673508271966,113.26376429192015
38.9978673438194,129.72026570488242
38.99806115998522,138.71966647757432
38.998254976151046,154.4924678318343
38.998448792316864,163.24144358302487
38.99864260848268,188.6121040946941
38.9988364246485,190.4552132273029
38.99903024081432,185.76318397828928
38.99922405698014,164.86232641450246
38.99941787314596,133.29776601204787
38.99961168931178,102.87066724571807
38.999805505477596,87.90167211431975
38.99999932164342,88.93676220319304
3.864423333305165,107.08444557954307
3.8646171494709853,114.64598031968826
3.8648109656368055,103.01962055521042
3.865004781802625,95.27404846160118
3.8651985979684453,82.5994759447849
3.8653924141342655,74.31779503891153
3.865586230300085,49.778592174389075
3.8657800464659053,37.55193279126955
3.8659738626317246,42.35770820389548
3.8661676787975447,37.40630323331095
38.99747971148776,58.200923849914744
38.99767352765358,83.34168064171553
38.99786736320102,116.6623895837273
38.998061179366836,128.25674285195058
38.998254995532655,142.8377668311567
38.99844881169847,146.05751710760555
38.9986426278643,151.7815175990707
38.99883644403012,148.08476728166613
38.99903026019594,158.35351816334557
38.999224076361756,154.90953709841284
38.999417892527575,133.29776601204787
38.9996117086934,100.76636321888768
38.99980552485922,93.5207325967747
38.99999934102504,96.33026283800217
3.8644233526867815,88.93676220319304
3.8646171688526016,91.8298711472489
3.864810985018422,84.27564223776986
3.865004801184242,76.30619861872768
3.8651986173500616,76.72141332829082
3.865392433515882,81.54326156838391
3.865586249681702,79.07876135678111
3.8657800658475217,83.96036754514861
3.865973882013342,80.97453075032149
3.866167698179161,78.53109464309134
38.99747973086938,86.64222752342474
38.9976735470352,105.3932636161553
38.99786738258263,125.23212895589238
38.99806119874845,133.75985980172345
38.99825501491428,135.5158162024906
38.9984488310801,139.14101651375213
38.998642647245916,130.06310948431886
38.998836463411735,130.06310948431886
38.99903027957755,144.38801696426157
38.99922409574337,140.691266646857
38.99941791190919,136.99451632945244
38.99961172807501,123.0606112869274
38.99980554424083,112.82345656180695
38.999999360406655,126.20000540263108
3.8644233720683987,111.11726410762046
3.864617188234219,111.11726410762046
3.864811004400038,106.93832896620694
3.8650048205658583,99.38410005672792
3.8651986367316784,105.9082068421864
3.865392452897498,94.72298009130473
3.8655862690633183,105.49177449417864
3.8657800852291384,111.5994489316294
3.865973901394958,100.02701315540673
3.8661677175607783,79.75862348411982
38.997479750250996,82.92954293741062
38.997673566416815,114.56756440386496
38.99786740196425,145.62026707006333
38.99806121813007,155.47826791647526
38.99825503429589,158.10176814172996
38.998448850461706,154.28576781408702
38.99864266662753,120.82123369080745
38.99883648279335,128.76626562297093
38.99903029895917,130.95649081102474
38.99922411512499,136.99451632945244
38.999417931290814,133.29776601204787
38.99961174745663,126.47299619530114
38.99980556362245,126.20000540263108
38.99999937978827,129.6010156946433
3.864423391450015,111.11726410762046
3.864617207615835,111.11726410762046
3.8648110237816553,103.72376347281131
3.8650048399474755,103.72376347281131
3.8651986561132947,111.11726410762046
3.865392472279115,106.93832896620694
3.8655862884449346,105.49177449417864
3.8657801046107547,111.5994489316294
3.865973920776575,142.87571001623206
3.8661677369423946,120.07477449210101
38.99747976963261,115.70633346715704
38.99767358579843,132.58226595061464
38.997867421345866,147.41263086031978
38.998061237511685,150.6942380939518
38.99825505367751,159.17501823387983
38.99844886984333,151.7815175990707
38.99864268600915,148.08476728166613
38.99883650217497,144.38801696426157
38.999030318340786,150.88919855693868
38.999224134506605,147.2926064993648
38.999417950672424,124.05589021853643
38.99961176683824,123.57668184405819
38.99980558300407,116.09365876566487
38.99999939916989,104.90672357438078
3.8644234108316318,104.90672357438078
3.864617226997452,101.80145330776092
3.8648110431632716,94.85156271104036
3.8650048593290918,100.64313820830726
3.865198675494912,96.33026283800217
3.865392491660731,99.25685683928054
3.8655863078265513,94.4818876792999
3.865780123992371,106.29541586752735
3.865973940158191,105.5721386315136
3.8661677563240113,96.62600286339453
38.99747978901423,114.67709774660275
38.99767360518005,130.34036575812422
38.99786744072748,158.9200699361277
38.9980612568933,153.39884586293522
38.99825507305912,144.05194875358876
38.99844888922494,152.82122862584075
38.998642705390765,149.42904012435883
38.99883652155658,145.65877488586938
38.9990303377224,148.08476728166613
38.99922415388822,151.12138361381997
38.99941797005405,140.691266646857
38.999611786219866,130.2855990867553
38.999805602385685,140.691266646857
38.9999994185515,126.20000540263108
3.864423430213248,122.3615463230591
3.8646172463790682,108.75134390448153
3.8648110625448884,115.12207695147565
3.865004878710708,137.1552446041223
3.8651986948765282,118.51076474242957
3.8653925110423484,129.11883087063433
3.865586327208168,136.1908749561037
3.865780143373988,124.05589021853643
3.865973959539808,138.11961425214093
3.8661677757056276,115.55336448850593
38.997479808395845,100.40943560203455
38.99767362456166,130.34036575812422
38.9978674601091,138.51670763661917
38.99806127627492,155.2670250411952
38.99825509244074,155.2670250411952
38.99844890860656,153.79792686310975
38.99864272477238,162.87176855128442
38.9988365409382,169.2454759950851
38.99903035710402,165.77635808638766
38.99922417326984,169.4437691155593
38.999417989435656,140.691266646857
38.999611805601475,130.0275638081899
38.9998056217673,129.74888570733947
38.99999943793312,122.50325508522651
3.864423449594865,125.90426537723873
3.8646172657606845,125.90426537723873
3.8648110819265047,118.51076474242957
3.865004898092325,108.75134390448153
3.8651987142581445,104.64795105216245
3.8653925304239647,104.64795105216245
3.865586346589785,103.72376347281131
3.8657801627556045,110.15289445960185
3.8659739789214247,103.72376347281131
3.8661677950872444,77.60006122981929
38.99747982777746,82.92954293741062
38.99767364394328,125.7850153669996
38.997867479490715,150.1641893352062
38.998061295656534,145.0403846673326
38.99825511182235,170.26526918609355
38.99844892798817,173.59234447175763
38.998642744154,146.4674390178016
38.998836560319816,145.25059203832285
38.999030376485635,169.4437691155593
38.999224192651454,170.26526918609355
38.99941800881728,151.6393348945549
38.9996118249831,144.38801696426157
38.99980564114892,133.29776601204787
38.999999457314736,140.691266646857
3.8644234689764816,115.25762446311354
3.8646172851423013,115.25762446311354
3.864811101308121,104.90672357438078
3.865004917473941,107.88260757989146
3.8651987336397613,114.49255787568525
3.865392549805581,111.11726410762046
3.865586365971401,118.17469653175678
3.8657801821372213,113.80580979300585
3.865973998303041,106.80438873731536
3.866167814468861,88.42686560768882
38.99747984715908,100.40943560203455
38.997673663324896,123.28076515198403
38.99786749887233,133.75985980172345
38.99806131503815,149.5157674045326
38.998255131203976,159.77126828507394
38.998448947369795,162.87176855128442
38.998642763535614,148.59466387717038
38.99883657970143,145.0253877086415
38.99903039586725,140.96510000370148
38.99922421203307,140.96510000370148
38.99941802819889,130.42251576517754
38.99961184436471,133.5821314210787
38.999805660530534,118.51076474242957
38.99999947669635,115.25762446311354
3.8644234883580983,108.0119938410006
3.864617304523918,111.11726410762046
3.864811120689738,103.72376347281131
3.8650049368555575,106.93832896620694
3.8651987530213776,118.51076474242957
3.8653925691871978,96.33026283800217
3.8655863853530175,96.33026283800217
3.8657802015188376,102.71555884079214
3.8659740176846578,113.80580979300585
3.866167833850478,93.5207325967747
38.997479866540694,89.70160709644938
38.99767368270651,101.68417709079515
38.99786751825395,118.00086814692537
38.998061334419766,125.65781535607867
38.998255150585585,159.31720093839562
38.998448966751404,166.85288427771982
38.99864278291723,154.9501607282744
38.99883659908305,137.13669903396823
38.99903041524887,125.90426537723873
38.999224231414686,133.29776601204787
38.99941804758051,115.25762446311354
38.99961186374633,115.25762446311354
38.99980567991215,108.0119938410006
38.99999949607797,97.808962964964
3.8644235077397147,90.71120235554721
3.864617323905535,96.33026283800217
3.8648111400713545,90.71120235554721
3.8650049562371747,96.33026283800217
3.865198772402995,83.61344174613046
3.865392588568814,90.71120235554721
3.865586404734634,83.61344174613046
3.8657802209004544,88.93676220319304
3.865974037066274,97.61608903536059
3.866167853232094,88.93676220319304
38.99747988592231,78.77069883033047
38.99767370208813,74.53218338020258
38.997867537635564,72.917510827773
38.99806135380139,77.15337056646598
38.99825516996721,115.19643687165282
38.99844898613303,124.05589021853643
38.998642802298846,160.6215727059074
38.998836618464665,140.39552662146463
38.999030434630484,147.4932872308814
38.9992242507963,140.39552662146463
38.99941806696212,125.90426537723873
38.99961188312794,125.58280882789894
38.999805699293766,122.04678678516427
38.999999515459585,91.8298711472489
3.864423527121331,84.27564223776986
3.864617343287151,76.30619861872768
3.8648111594529713,76.30619861872768
3.865004975618791,80.61907398903276
3.865198791784611,83.15054431508135
3.8653926079504313,98.44269159080488
3.865586424116251,101.61133472000861
3.8657802402820707,71.87483766132587
3.865974056447891,55.18900930559619
3.8661678726137105,70.32098381912036
38.997479905303926,66.06311961425227
38.997673721469745,94.89926271513569
38.99786755701718,116.8412645990856
38.998061373183,119.1268897953301
38.99825518934882,129.4817656844042
38.998449005514644,144.38801696426157
38.99864282168046,109.88501400181869
38.99883663784628,136.99451632945244
38.9990304540121,151.48577757367835
38.99922427017792,140.39552662146463
38.999418086343745,115.70123450120212
38.999611902509564,105.4982036251655
38.99980571867538,108.34470136956702
38.9999995348412,95.27404846160118
3.8644235465029477,90.96997487776554
3.8646173626687674,90.96997487776554
3.8648111788345876,80.06456144142209
3.8650049950004077,77.1071611874984
3.8651988111662274,83.48891963017547
3.8653926273320476,75.51172157682915
3.8655864434978677,88.32063715029253
3.865780259663688,64.34533617871946
3.8659740758295076,48.9326426969935
3.8661678919953273,48.27250871174279
38.99747992468554,61.270759827777965
38.99767374085136,88.57901217247642
38.9978675763988,116.8412645990856
38.99806139256462,126.50051542843283
38.99825520873044,141.67706673149797
38.99844902489626,138.10354142467378
38.99864284106208,140.691266646857
38.9988366572279,146.4417671405976
38.99903047339372,150.45068748480503
38.999224289559535,143.50079688808447
38.999418105725354,125.90426537723873
38.99961192189118,133.29776601204787
38.999805738057,125.90426537723873
38.99999955422282,125.90426537723873
3.8644235658845645,130.12912288284417
3.864617382050384,130.52520327399444
3.864811198216204,118.51076474242957
3.865005014382024,110.37791404413953
3.865198830547844,106.86600124260521
3.865392646713664,110.37791404413953
3.865586462879484,106.3642994138149
3.865780279045304,82.82290590902377
3.8659740952111243,66.87551030900474
3.866167911376944,73.67276089261902
38.99747994406716,69.92490342796934
38.99767376023298,74.4578234600254
38.99786759578041,121.05228058564524
38.99806141194624,143.00173559523483
38.99825522811206,151.7815175990707
38.998449044277876,135.26936618133055
38.998642860443695,147.06497409065767
38.998836676609514,136.99451632945244
38.99903049277533,157.40057808152565
38.99922430894116,162.87176855128442
38.99941812510698,145.97233852886342
38.999611941272796,134.00190892964878
38.999805757438615,138.6580539722845
38.999999573604434,122.76202760744482
3.8644235852661812,111.11726410762046
3.864617401432001,115.39771184356294
3.864811217597821,115.39771184356294
3.865005033763641,111.11726410762046
3.8651988499294605,106.86600124260521
3.8653926660952806,103.01962055521042
3.865586482261101,98.44269159080488
3.8657802984269205,80.95178151759919
3.8659741145927407,58.500184589895184
3.866167930758561,68.14254166779234
38.997479963448775,80.47001147623403
38.997673779614594,97.52276294039042
38.99786761516203,125.65781535607867
38.998061431327855,135.26936618133055
38.998255247493674,131.81906588508605
38.99844906365949,154.3829344890965
38.99864287982531,162.01867232419116
38.99883669599113,157.89537389324
38.999030512156956,143.96146885071494
38.999224328322775,126.47299619530114
38.999418144488594,116.23584147018067
38.99961196065441,122.6511250979227
38.99980577682023,125.90426537723873
38.99999959298605,122.20751505983415
3.8644236046477975,107.08444557954307
3.8646174208136177,103.01962055521042
3.8648112369794374,103.01962055521042
3.8650050531452576,106.3642994138149
3.8651988693110777,98.01060389136771
3.865392685476897,69.90534390248045
3.865586501642717,62.689834949620604
3.8657803178085373,68.97431048920838
3.865974133974357,56.22612303100734
3.866167950140177,52.18050190442741
38.99747998283039,60.16205702988175
38.99767379899621,80.9271365154834
38.99786763454365,115.48615084637137
38.99806145070947,142.8377668311567
38.99825526687529,146.05751710760555
38.99844908304111,158.5376474894999
38.99864289920693,154.71342302321892
38.99883671537275,165.33626876288722
38.999030531538565,169.1278075499687
38.99922434770439,162.87176855128442
38.99941816387021,129.74888570733947
38.99961198003603,129.74888570733947
38.99980579620185,133.29776601204787
38.999999612367674,118.51076474242957
3.864423624029414,122.04678678516427
3.864617440195234,114.49255787568525
3.864811256361054,104.64795105216245
3.865005072526874,106.93832896620694
3.865198888692694,103.72376347281131
3.865392704858514,109.88501400181869
3.8655865210243334,106.56741756312265
3.8657803371901536,112.25472574374527
3.8659741533559737,101.53309661805302
3.8661679695217934,93.90825400935744
38.99748000221201,75.04594282870299
38.997673818377834,101.99091176152793
38.99786765392526,128.86166563116237
38.99806147009109,132.82076597109213
38.99825528625691,136.07032875010128
38.998449102422725,136.07032875010128
38.998642918588544,157.85475026337843
38.99883673475437,154.3829344890965
38.99903055092019,150.92842137197746
38.99922436708601,143.96146885071494
38.99941818325183,126.47299619530114
38.999611999417645,126.20000540263108
38.999805815583464,133.29776601204787
38.99999963174928,125.90426537723873
3.8644236434110306,122.04678678516427
3.8646174595768503,114.49255787568525
3.8648112757426705,121.7034127438246
3.8650050919084906,117.86785164375075
3.8651989080743108,113.36745995299746
3.8653927242401305,119.79659093978799
3.8655865404059506,116.04626453082679
3.8657803565717708,86.64222752342474
3.86597417273759,82.92954293741062
3.86616798890341,93.86576262639937
38.997480021593624,91.40126241479584
38.99767383775944,108.8992139171777
38.997867673306885,132.82076597109213
38.998061489472704,129.4817656844042
38.99825530563852,120.82123369080745
38.99844912180434,122.80376511102827
38.99864293797016,124.91846529259774
38.99883675413598,124.05589021853643
38.9990305703018,133.29776601204787
38.999224386467624,126.47299619530114
38.99941820263344,133.29776601204787
38.99961201879926,129.6010156946433
38.99980583496508,118.51076474242957
38.999999651130906,118.51076474242957
3.8644236627926474,118.51076474242957
3.864617478958467,118.51076474242957
3.8648112951242872,118.51076474242957
3.865005111290107,114.49255787568525
3.865198927455927,121.24314541181555
3.8653927436217472,119.79659093978799
3.865586559787567,125.06409485055562
3.865780375953387,104.43467699538878
3.8659741921192072,86.64222752342474
3.866168008285027,78.20426128169595
38.99748004097524,83.55967083242295
38.997673857141066,101.98411626462062
38.997867692688494,118.51076474242957
38.99806150885432,119.1268897953301
38.99825532502014,116.91217001057908
38.99844914118596,138.49632114589804
38.99864295735178,137.88683537158448
38.9988367735176,147.2926064993648
38.99903058968342,143.4638293849104
38.99922440584924,123.57668184405819
38.99941822201506,123.0606112869274
38.99961203818088,126.20000540263108
38.9998058543467,112.00448418379756
38.999999670512516,108.75134390448153
3.864423682174264,101.80145330776092
3.864617498340084,107.88260757989146
3.8648113145059035,103.72376347281131
3.8650051306717237,106.80438873731536
3.8651989468375434,109.88501400181869
3.8653927630033635,114.65328615035513
3.8655865791691837,113.88982684567388
3.8657803953350034,104.90672357438078
3.8659742115008235,98.79476304960498
3.8661680276666437,86.71871201275029
38.99748006035686,98.75227166664692
38.997673876522676,107.30499034279698
38.99786771207012,125.23212895589238
38.99806152823594,127.40607019368433
38.998255344401755,131.28135674800882
38.998449160567574,133.41328945946674
38.99864297673339,135.68276621682506
38.99883679289921,151.12138361381997
38.99903060906503,154.90953709841284
38.99922442523086,136.99451632945244
38.999418241396675,133.29776601204787
38.999612057562494,119.1022447932143
38.99980587372831,122.3615463230591
38.99999968989414,108.75134390448153
3.8644237015558804,107.88260757989146
3.8646175177217006,114.49255787568525
3.8648113338875207,96.33026283800217
3.8650051500533404,113.36745995299746
3.86519896621916,119.79659093978799
3.86539278238498,108.0366388431164
3.8655865985508,120.7609605878066
3.86578041471662,107.56838380291207
3.86597423088244,79.75862348411982
3.86616804704826,66.06311961425227
38.99748007973848,75.93851108715786
38.9976738959043,103.96226349328882
38.997867731451734,132.1887409168265
38.99806154761755,129.4817656844042
38.99825536378337,144.38801696426157
38.99844917994919,159.17501823387983
38.99864299611501,177.2480197856352
38.998836812280835,173.22266944001717
38.999030628446654,168.78656905913172
38.99922444461247,157.40057808152565
38.99941826077829,125.90426537723873
38.99961207694411,136.07032875010128
38.99980589310993,141.747481023258
38.99999970927575,138.6580539722845
3.8644237209374968,130.71004078986465
3.864617537103317,126.64361544071966
3.864811353269137,122.57719009157462
3.865005169434957,131.3521079502563
3.865198985600777,131.3521079502563
3.865392801766597,141.30739169975752
3.8655866179324163,107.74197033955565
3.8657804340982365,79.95894000378205
3.8659742502640566,79.07876135678111
3.8661680664298763,73.67276089261902
38.99748009912009,75.93851108715786
38.99767391528591,110.40176404618722
38.99786775083335,132.82076597109213
38.99806156699917,160.9001683820017
38.99825538316499,163.24144358302487
38.99844919933081,166.18609642206115
38.998643015496626,185.87377052624606
38.998836831662445,192.1500310651286
38.99903064782826,199.09992166184915
38.99922446399409,189.67320835246753
38.99941828015991,162.87176855128442
38.99961209632573,133.29776601204787
38.999805912491546,125.90426537723873
38.99999972865737,122.20751505983415
3.8644237403191135,130.52520327399444
3.8646175564849337,118.51076474242957
3.8648113726507534,110.37791404413953
3.8650051888165735,106.86600124260521
3.8651990049823937,102.24506334584949
3.8653928211482134,98.44269159080488
3.8655866373140335,76.14031879679283
3.8657804534798537,66.87551030900474
3.865974269645673,86.07476195746085
3.866168085811493,69.92490342796934
38.99748011850171,85.75344942987212
38.99767393466753,133.75985980172345
38.99786777021497,143.00173559523483
38.998061586380786,158.31244315981854
38.998255402546604,160.9001683820017
38.99844921871242,166.18609642206115
38.99864303487825,177.2480197856352
38.99883685104407,178.2502498716874
38.99903066720989,170.26526918609355
38.999224483375706,177.65876982090268
38.999418299541524,157.23862521047715
38.99961211570734,162.50209351954393
38.99980593187316,154.5540803371241
38.99999974803898,149.9331424403684
3.86442375970073,147.30650405694965
3.86461757586655,147.30650405694965
3.86481139203237,151.97608340525
3.86500520819819,146.6060671547043
3.86519902436401,141.747481023258
3.86539284052983,138.05073070585343
3.86558665669565,115.70123450120212
3.86578047286147,94.72833770045995
3.86597428902729,96.82316288032303
3.8661681051931094,86.85734014965297
38.99748013788332,85.24001188578848
38.99767395404914,93.58751260250833
38.99786778959658,103.96226349328882
38.9980616057624,106.06503867383444
38.99825542192822,96.82316288032303
38.99844923809404,94.11221264755943
38.99864305425986,106.46209704125934
38.99883687042568,109.12670624440238
38.9990306865915,109.12670624440238
38.99922450275732,105.99868674506023
38.99941831892314,96.1880801334864
38.99961213508896,94.85156271104036
38.99980595125478,103.72376347281131
38.999999767420604,107.08444557954307
3.864423779082347,107.08444557954307
3.864617595248167,110.76519264882036
3.8648114114139864,110.76519264882036
3.8650052275798066,114.28590723682414
3.8651990437456263,113.80580979300585
3.8653928599114464,90.03209563057254
3.8655866760772666,87.82773710797167
3.8657804922430863,88.93676220319304
3.8659743084089064,81.31921609460204
3.8661681245747266,76.26218968637748
38.997480157264945,77.54677473875763
38.997673973430764,80.9271365154834
38.9978678089782,96.09176281752468
38.99806162514402,106.70501372878266
38.99825544130984,124.75699803735458
38.998449257475656,114.9414885739007
38.99864307364148,137.40526636471992
38.9988368898073,147.8004018726353
38.99903070597312,140.691266646857
38.99922452213894,122.50325508522651
38.99941833830476,122.50325508522651
38.999612154470576,125.90426537723873
38.999805970636395,125.90426537723873
38.99999978680221,122.04678678516427
3.8644237984639633,122.04678678516427
3.8646176146297835,111.73338916052097
3.8648114307956036,114.49255787568525
3.8650052469614233,111.11726410762046
3.865199063127243,117.58657716307845
3.8653928792930627,114.10310090244755
3.865586695458883,120.07477449210101
3.865780511624703,116.86776460136106
3.865974327790523,108.44030698122435
3.866168143956343,98.59601303254027
38.997480176646555,93.86576262639937
38.99767399281237,95.63712215348882
38.997867828359816,108.8992139171777
38.998061644525635,101.21951325779499
38.99825546069145,100.02701315540673
38.99844927685727,118.04867095275401
38.99864309302309,144.38801696426157
38.99883690918891,140.691266646857
38.999030725354736,130.0275638081899
38.999224541520555,123.0606112869274
38.99941835768637,119.6482263785544
38.99961217385219,126.20000540263108
38.99980599001802,133.29776601204787
38.99999980618384,140.691266646857
3.86442381784558,129.6010156946433
3.8646176340114,129.6010156946433
3.86481145017722,137.498618645462
3.86500526634304,129.11883087063433
3.86519908250886,136.1908749561037
3.86539289867468,132.0655159062461
3.865586714840499,107.2930396413402
3.8657805310063194,95.63712215348882
3.8659743471721395,107.66696381137594
3.8661681633379597,98.17863799670447
38.99748019602818,102.24506334584949
38.997674012194,101.21951325779499
38.99786784774143,110.87876408714295
38.99806166390725,103.14614623571684
38.99825548007307,116.8412645990856
38.99844929623889,130.95649081102474
38.998643112404714,124.05589021853643
38.99883692857053,126.47299619530114
38.99903074473635,112.82345656180695
38.99922456090217,119.1022447932143
38.99941837706799,129.6010156946433
38.99961219323381,118.51076474242957
38.99980600939963,111.11726410762046
38.999999825565446,111.11726410762046
3.8644238372271964,103.72376347281131
3.8646176533930165,103.72376347281131
3.8648114695588363,106.93832896620694
3.8650052857246564,113.36745995299746
3.8651991018904766,111.5994489316294
3.8653929180562963,107.25247968487912
3.8655867342221164,96.61462824703302
3.865780550387936,86.64222752342474
3.865974366553756,71.40701069808094
3.866168182719576,64.40378282405376
38.99748021540979,77.62905534995542
38.997674031575606,83.65569032118661
38.99786786712305,91.91469995888022
38.99806168328887,80.54413986097751
38.998255499454686,103.14614623571684
38.998449315620505,118.38329059355391
38.998643131786324,127.48858694184058
38.99883694795214,111.11726410762046
38.99903076411797,103.44993011596681
38.99922458028379,95.19280120187736
38.999418396449606,97.808962964964
38.999612212615425,90.71120235554721
38.99980602878125,80.95178151759919
38.99999984494707,87.90167211431975
3.8644238566088127,93.4036688367238
3.864617672774633,96.33026283800217
3.864811488940453,91.70932494124646
3.8650053051062727,94.4818876792999
3.865199121272093,106.29541586752735
3.865392937437913,97.25445041735333
3.8655867536037327,104.90672357438078
3.865780569769553,98.79476304960498
3.865974385935373,86.71871201275029
3.8661682021011923,91.23129688296135
38.99748023479141,80.96564433128944
38.99767405095723,93.86576262639937
38.997867886504665,121.05228058564524
38.99806170267048,113.1336733716595
38.9982555188363,121.16780403306413
38.99844933500212,129.4817656844042
38.99864315116795,130.9212836651447
38.998836967333766,154.90953709841284
38.999030783499585,136.99451632945244
38.9992245996654,140.691266646857
38.99941841583122,119.1022447932143
38.99961223199705,122.3615463230591
38.99980604816287,115.70123450120212
38.999999864328686,107.88260757989146
3.86442387599043,106.93832896620694
3.86461769215625,103.72376347281131
3.8648115083220693,113.36745995299746
3.8650053244878895,119.79659093978799
3.865199140653709,108.0366388431164
3.8653929568195293,112.08163375563906
3.8655867729853495,91.59842243172432
3.8657805891511696,72.8750194448142
3.8659744053169893,81.86471811772367
3.8661682214828095,74.14976093357477
38.99748025417303,65.8320727194145
38.997674070338846,80.77841667512756
38.99786790588628,97.56251294380394
38.9980617220521,106.03423242118917
38.99825553821792,127.94385175925488
38.998449354383744,130.52520327399444
38.99864317054956,168.49725816472622
38.99883698671538,147.4932872308814
38.9990308028812,147.4932872308814
38.99922461904702,140.39552662146463
38.99941843521284,118.51076474242957
38.99961225137866,117.86785164375075
38.99980606754448,91.8298711472489
38.9999998837103,84.27564223776986
3.8644238953720462,84.27564223776986
3.8646177115378664,69.22076051036842
3.8648115277036865,69.22076051036842
3.865005343869506,66.75626029876562
3.865199160035326,69.00645614414265
3.865392976201146,74.67786812177565
3.865586792366966,77.31840406277847
3.865780608532786,51.400528211084946
3.865974424698606,43.50250830218837
3.866168240864426,56.854250520003504
38.99748027355464,53.81763418784965
38.99767408972046,82.25876162981713
38.9978679252679,110.40176404618722
38.998061741433716,125.65781535607867
38.998255557599535,117.07976461956311
38.998449373765354,125.53459034549826
38.99864318993118,116.04626453082679
38.998837006097,136.99451632945244
38.99903082226282,144.24014695156538
38.999224638428636,133.29776601204787
38.99941845459446,108.75134390448153
38.99961227076028,105.4982036251655
38.9998060869261,94.4818876792999
38.99999990309192,103.01962055521042
3.864423914753663,106.86600124260521
3.8646177309194827,98.91798806018538
3.864811547085303,95.59091277452126
3.865005363251123,92.26383748885715
3.8651991794169427,91.46611768352253
3.8653929955827624,99.44331573686883
3.8655868117485825,105.9828886667811
3.8657806279144022,86.04365325913719
3.8659744440802224,67.54842108106693
3.8661682602460425,60.59500976975826
38.99748029293626,67.47176036019887
38.99767410910208,101.21951325779499
38.997867944649514,116.8412645990856
38.99806176081534,132.82076597109213
38.99825557698116,141.67706673149797
38.99844939314698,144.38801696426157
38.998643209312796,147.06497409065767
38.998837025478615,166.15776883342147
38.999030841644434,171.30035927496684
38.99922465781025,150.45068748480503
38.99941847397607,140.07514159395646
38.99961229014189,133.29776601204787
38.999806106307716,133.29776601204787
38.999999922473535,133.63383422272068
3.8644239341352793,138.05073070585343
3.8646177503010994,130.52520327399444
3.864811566466919,126.64361544071966
3.8650053826327393,126.64361544071966
3.8651991987985594,122.76202760744482
3.865393014964379,118.51076474242957
3.8655868311301993,114.28590723682414
3.865780647296019,89.50549302125546
3.8659744634618387,72.71876081070829
3.866168279627659,73.67276089261902
38.997480312317876,69.92490342796934
38.997674128483695,74.4578234600254
38.99786796403113,101.99091176152793
38.99806178019695,130.52520327399444
38.99825559636277,158.31244315981854
38.99844941252859,160.9001683820017
38.99864322869441,147.06497409065767
38.99883704486023,143.70343357214955
38.99903086102605,136.5509062913639
38.99922467719187,148.08476728166613
38.999418493357695,130.12912288284417
38.99961230952351,126.25633683603881
38.99980612568933,130.71004078986465
38.99999994185515,122.76202760744482
3.8644239535168956,118.88043977417006
3.8646177696827158,123.37490989690923
3.864811585848536,123.37490989690923
3.865005402014356,127.46079182667242
3.8651992181801758,114.81401442502502
3.865393034345996,110.76519264882036
3.865586850511816,114.28590723682414
3.8657806666776358,87.90167211431975
3.865974482843456,64.53821010832289
3.866168299009275,77.60006122981929
38.99748033169949,80.61907398903276
38.99767414786531,91.40126241479584
38.997867983412746,113.26376429192015
38.99806179957857,116.8412645990856
38.99825561574439,125.65781535607867
38.99844943191021,128.86166563116237
38.99864324807603,112.96563926632273
38.99883706424185,99.61626312013924
38.999030880407666,119.36386096952282
38.999224696573485,116.09365876566487
38.999418512739304,109.12670624440238
38.99961232890512,105.99868674506023
38.99980614507095,102.87066724571807
38.99999996123677,101.80145330776092
3.864423972898513,103.72376347281131
3.864617789064332,99.52291083939717
3.864811605230152,84.39984135910535
3.8650054213959724,79.78290427438199
3.8651992375617925,79.78290427438199
3.865393053727612,82.5994759447849
3.8655868698934324,82.21539798973026
3.8657806860592525,63.19642665978331
3.865974502225072,56.40535941003284
3.8661683183908924,55.66600934655193
38.99748035108111,56.22612303100734
38.99767416724693,70.24176774089014
38.99786800279436,89.13658654467417
38.99806181896018,110.70651407235296
38.998255635126,121.87144684916136
38.998449451291826,136.15976625778006
38.998643267457645,113.26376429192015
38.998837083623464,131.51312792778378
38.99903089978928,114.9414885739007
38.99922471595511,123.43976516563593
38.99941853212093,119.36386096952282
38.999612348286746,118.51076474242957
38.999806164452565,100.76636321888768
38.999999980618384,93.5207325967747
3.864423992280129,88.93676220319304
3.8646178084459493,96.33026283800217
3.8648116246117694,99.38410005672792
3.8650054407775887,99.38410005672792
3.865199256943409,90.4770748354447
3.865393073109229,99.38410005672792
3.8655868892750487,96.33026283800217
3.865780705440869,109.88501400181869
3.865974521606689,106.56741756312265
3.8661683377725087,112.25472574374527
38.997480370462725,101.53309661805302
38.997674186628544,122.9723599530905
38.99786802217598,125.7850153669996
38.998061838341805,144.05194875358876
38.99825565450762,159.17501823387983
38.99844947067344,175.44071963045994
38.99864328683926,170.7422692270493
38.99883710300508,148.08476728166613
38.9990309191709,154.09198654744856
38.99922473533672,144.38801696426157
38.999418551502536,126.99959880461749
38.99961236766836,123.0606112869274
38.99980618383418,116.09365876566487
39.0,105.99868674506023
